,account_id,publisherId,budget_y
0,4,6,2500.0
1,4,17,2174.0
2,11,17,3750.0
3,11,23,1250.0
4,11,43,2500.0
5,11,65,2500.0
6,11,80,5000.0
7,14,15,3000.0
8,16,17,833.33
9,19,15,55000.0
10,19,17,97500.0
11,19,23,2500.0
12,19,43,5000.0
13,19,46,12500.0
14,19,78,7500.0
15,19,80,75000.0
16,19,111,2500.0
17,19,114,2500.0
18,19,121,2500.0
19,19,179,47500.0
20,19,212,5000.0
21,19,264,27500.0
22,19,312,5000.0
23,19,324,10000.0
24,19,472,2500.0
25,19,492,10000.0
26,19,557,35000.0
27,19,586,5000.0
28,19,810,5000.0
29,19,1009,12500.0
30,19,1093,5000.0
31,19,1198,2500.0
32,19,1247,2500.0
33,19,1617,5000.0
34,19,1855,20000.0
35,19,2758,2500.0
36,21,23,2500.0
37,21,49,2500.0
38,28,15,5000.0
39,36,17,15000.0
40,36,49,2500.0
41,36,111,2500.0
42,36,114,2500.0
43,36,121,2500.0
44,36,491,5000.0
45,44,43,2500.0
46,44,124,2500.0
47,45,15,2500.0
48,45,17,2500.0
49,52,15,7500.0
50,52,17,5000.0
51,52,23,2500.0
52,52,111,2500.0
53,52,112,2500.0
54,52,124,2500.0
55,52,274,2500.0
56,58,17,2500.0
57,58,23,2500.0
58,58,179,5000.0
59,58,264,2500.0
60,59,47,2500.0
61,59,212,2500.0
62,61,17,2500.0
63,67,17,5000.0
64,67,49,2500.0
65,67,51,2500.0
66,67,69,2500.0
67,67,80,2500.0
68,67,264,5000.0
69,70,15,7500.0
70,70,17,5000.0
71,70,46,2500.0
72,70,80,2500.0
73,71,15,2500.0
74,71,17,2500.0
75,71,43,2500.0
76,71,46,2500.0
77,71,80,5000.0
78,71,212,5000.0
79,74,17,10000.0
80,74,49,2500.0
81,74,179,7500.0
82,82,15,2500.0
83,82,17,10000.0
84,82,46,2500.0
85,82,80,5000.0
86,82,114,5000.0
87,82,121,2500.0
88,82,264,2500.0
89,84,15,42500.0
90,84,17,30000.0
91,84,43,20000.0
92,84,46,42500.0
93,84,47,7500.0
94,84,49,7500.0
95,84,51,2500.0
96,84,65,2500.0
97,84,77,2500.0
98,84,78,7500.0
99,84,80,27500.0
100,84,89,12500.0
101,84,92,10000.0
102,84,111,7500.0
103,84,114,2500.0
104,84,121,2500.0
105,84,124,2500.0
106,84,176,5000.0
107,84,179,25000.0
108,84,212,25000.0
109,84,264,30000.0
110,84,274,5000.0
111,84,312,60000.0
112,84,314,7500.0
113,84,329,2500.0
114,84,379,7500.0
115,84,380,20000.0
116,84,409,15000.0
117,84,410,22500.0
118,84,421,5000.0
119,84,424,10000.0
120,84,439,5000.0
121,84,472,12500.0
122,84,484,5000.0
123,84,485,10000.0
124,84,491,5000.0
125,84,492,2500.0
126,84,501,15000.0
127,84,505,2500.0
128,84,509,55000.0
129,84,557,5000.0
130,84,586,25000.0
131,84,587,5000.0
132,84,810,10000.0
133,84,1009,12500.0
134,84,1093,5000.0
135,84,1149,7500.0
136,84,1198,2500.0
137,84,1242,5000.0
138,84,1247,2500.0
139,84,1916,10000.0
140,84,1917,5000.0
141,84,2278,2500.0
142,87,43,2500.0
143,87,124,2500.0
144,90,49,2500.0
145,90,68,2500.0
146,90,85,2500.0
147,94,15,2500.0
148,94,17,2500.0
149,94,49,2500.0
150,95,17,2500.0
151,102,80,2500.0
152,102,179,10000.0
153,102,312,5000.0
154,102,388,2500.0
155,102,409,5000.0
156,102,439,5000.0
157,103,17,5000.0
158,103,49,2500.0
159,106,17,2500.0
160,109,15,5000.0
161,109,17,2500.0
162,109,80,2500.0
163,109,212,2500.0
164,117,15,5000.0
165,117,17,12500.0
166,117,23,2500.0
167,117,49,5000.0
168,117,69,2500.0
169,117,80,7500.0
170,117,179,10000.0
171,117,212,2500.0
172,119,15,2500.0
173,119,17,2500.0
174,119,80,2500.0
175,123,114,2500.0
176,125,15,2500.0
177,125,17,10000.0
178,125,23,5000.0
179,125,46,2500.0
180,125,49,7500.0
181,125,69,2500.0
182,125,111,5000.0
183,125,114,2500.0
184,125,121,5000.0
185,125,124,2500.0
186,125,176,2500.0
187,125,224,2500.0
188,125,329,5000.0
189,126,92,2500.0
190,129,15,42500.0
191,129,17,30000.0
192,129,23,2500.0
193,129,43,32500.0
194,129,46,12500.0
195,129,49,7500.0
196,129,77,2500.0
197,129,80,35000.0
198,129,92,5000.0
199,129,111,32500.0
200,129,114,2500.0
201,129,115,2500.0
202,129,179,12500.0
203,129,212,32500.0
204,129,264,30000.0
205,129,451,7500.0
206,129,492,5000.0
207,129,1009,5000.0
208,129,1247,2500.0
209,129,1602,5000.0
210,129,2008,2500.0
211,130,15,10000.0
212,130,17,12500.0
213,130,23,2500.0
214,130,48,2500.0
215,130,49,7500.0
216,130,69,2500.0
217,130,80,5000.0
218,130,111,7500.0
219,130,114,5000.0
220,130,121,7500.0
221,130,124,7500.0
222,132,15,2500.0
223,132,17,2500.0
224,132,212,5000.0
225,137,15,7500.0
226,137,17,7500.0
227,137,43,7500.0
228,137,46,2500.0
229,137,80,7500.0
230,137,111,10000.0
231,137,179,5000.0
232,137,212,15000.0
233,137,1602,2500.0
234,139,15,2500.0
235,139,17,5000.0
236,139,43,2500.0
237,139,80,2500.0
238,140,15,7500.0
239,140,43,7500.0
240,140,46,7500.0
241,140,51,2500.0
242,140,80,15000.0
243,140,179,5000.0
244,140,212,5000.0
245,140,410,5000.0
246,140,509,5000.0
247,140,557,5000.0
248,140,673,10000.0
249,141,17,15000.0
250,141,23,2500.0
251,141,111,2500.0
252,142,15,2500.0
253,142,17,2500.0
254,143,15,47500.0
255,143,17,35000.0
256,143,23,2500.0
257,143,43,10000.0
258,143,46,7500.0
259,143,49,12500.0
260,143,51,2500.0
261,143,80,25000.0
262,143,92,5000.0
263,143,111,5000.0
264,143,121,7500.0
265,143,124,2500.0
266,143,176,10000.0
267,143,179,12500.0
268,143,212,15000.0
269,143,264,5000.0
270,143,1602,7500.0
271,145,15,12500.0
272,145,17,32500.0
273,145,46,17500.0
274,145,47,2500.0
275,145,49,15000.0
276,145,51,2500.0
277,145,80,37500.0
278,145,89,7500.0
279,145,111,5000.0
280,145,124,2500.0
281,145,179,45000.0
282,145,212,27500.0
283,145,264,55000.0
284,145,451,2500.0
285,145,492,2500.0
286,145,509,5000.0
287,145,673,15000.0
288,145,804,10000.0
289,145,1247,2500.0
290,145,1916,10000.0
291,148,15,2500.0
292,148,17,10000.0
293,148,23,2500.0
294,148,43,2500.0
295,148,46,2500.0
296,148,80,17500.0
297,148,92,2500.0
298,148,111,5000.0
299,148,114,2500.0
300,148,264,12500.0
301,148,491,2500.0
302,151,15,7500.0
303,151,17,7500.0
304,151,46,2500.0
305,151,49,5000.0
306,151,80,2500.0
307,151,111,2500.0
308,151,160,10000.0
309,151,179,5000.0
310,151,329,2500.0
311,151,451,2500.0
312,151,492,2500.0
313,152,15,2500.0
314,152,17,2500.0
315,152,80,500.0
316,152,85,2500.0
317,152,114,2500.0
318,155,15,7500.0
319,155,17,10000.0
320,155,23,7500.0
321,155,68,2500.0
322,155,69,2500.0
323,155,80,5000.0
324,155,111,2500.0
325,155,179,5000.0
326,155,212,15000.0
327,155,224,2500.0
328,155,264,2500.0
329,155,274,2500.0
330,162,15,5000.0
331,162,17,5000.0
332,162,46,2500.0
333,162,49,2500.0
334,162,80,7500.0
335,162,212,2500.0
336,163,15,12500.0
337,163,17,10000.0
338,163,23,5000.0
339,163,46,2500.0
340,163,49,500.0
341,163,80,5000.0
342,163,92,2500.0
343,163,114,2500.0
344,163,179,12500.0
345,163,212,12500.0
346,163,224,2500.0
347,163,274,2500.0
348,167,43,2500.0
349,167,111,2500.0
350,167,114,2500.0
351,167,121,2500.0
352,167,124,2500.0
353,170,15,2500.0
354,170,80,5000.0
355,172,80,2500.0
356,173,15,5000.0
357,173,17,15000.0
358,173,43,10000.0
359,173,46,7500.0
360,173,77,2500.0
361,173,80,20000.0
362,173,111,10000.0
363,173,179,2500.0
364,173,212,5500.0
365,173,264,27500.0
366,174,15,12500.0
367,174,17,27500.0
368,174,23,22500.0
369,174,49,2500.0
370,174,77,2500.0
371,174,78,2500.0
372,174,80,7500.0
373,174,85,2500.0
374,174,89,2500.0
375,174,92,15000.0
376,174,111,50000.0
377,174,114,7500.0
378,174,124,5000.0
379,174,128,2500.0
380,174,160,10000.0
381,174,176,7500.0
382,174,179,15000.0
383,174,212,20000.0
384,174,274,2500.0
385,174,329,2500.0
386,175,43,2500.0
387,186,17,5000.0
388,186,264,5000.0
389,186,409,5000.0
390,186,673,15000.0
391,186,810,5000.0
392,187,49,2500.0
393,187,114,2500.0
394,190,80,2500.0
395,191,179,5000.0
396,191,314,2500.0
397,191,409,5000.0
398,191,509,5000.0
399,198,15,5000.0
400,198,17,12500.0
401,198,23,5000.0
402,198,43,10000.0
403,198,46,12500.0
404,198,49,2500.0
405,198,80,7500.0
406,198,92,2500.0
407,198,124,2500.0
408,198,179,10000.0
409,198,212,5000.0
410,198,264,2500.0
411,198,587,2500.0
412,198,1198,2500.0
413,199,15,5000.0
414,199,17,45000.0
415,199,46,5000.0
416,199,51,5000.0
417,199,80,12500.0
418,199,212,2500.0
419,203,17,2500.0
420,203,80,2500.0
421,205,17,5000.0
422,205,80,2500.0
423,205,179,10000.0
424,206,17,2500.0
425,206,43,2500.0
426,211,15,7500.0
427,211,17,20000.0
428,211,23,7500.0
429,211,43,5000.0
430,211,46,5000.0
431,211,49,5000.0
432,211,78,2500.0
433,211,80,10000.0
434,211,111,2500.0
435,211,179,7500.0
436,211,212,17500.0
437,211,492,2500.0
438,211,1009,2500.0
439,211,1247,2500.0
440,214,111,2500.0
441,219,15,20000.0
442,219,17,37500.0
443,219,43,35000.0
444,219,46,2500.0
445,219,49,10000.0
446,219,80,17500.0
447,219,89,2500.0
448,219,179,5000.0
449,219,212,30000.0
450,219,264,2500.0
451,219,1247,2500.0
452,220,47,2500.0
453,220,92,2500.0
454,222,15,10000.0
455,222,17,42500.0
456,222,23,2500.0
457,222,43,5000.0
458,222,46,15000.0
459,222,114,2500.0
460,222,121,22500.0
461,222,124,2500.0
462,222,179,5000.0
463,222,212,2500.0
464,222,492,5000.0
465,225,17,2500.0
466,225,23,2500.0
467,225,80,2500.0
468,225,92,2500.0
469,225,114,2500.0
470,225,179,10000.0
471,226,15,5000.0
472,226,17,15000.0
473,226,23,2500.0
474,226,43,5000.0
475,226,46,2500.0
476,226,80,2500.0
477,226,92,2500.0
478,226,111,7500.0
479,226,124,2500.0
480,226,179,5000.0
481,226,492,2500.0
482,226,501,5000.0
483,226,1009,5000.0
484,227,15,2500.0
485,227,17,5000.0
486,227,23,2500.0
487,227,47,2500.0
488,227,80,2500.0
489,227,92,2500.0
490,227,124,2500.0
491,227,179,12500.0
492,227,212,2500.0
493,227,492,2500.0
494,228,17,2500.0
495,228,23,2500.0
496,228,224,2500.0
497,230,17,2500.0
498,230,92,2500.0
499,231,15,5000.0
500,231,17,7500.0
501,231,23,2500.0
502,231,43,2500.0
503,231,179,7500.0
504,231,212,2500.0
505,233,17,5000.0
506,235,15,5000.0
507,235,179,2500.0
508,237,15,7500.0
509,237,17,2500.0
510,237,43,2500.0
511,237,121,5000.0
512,237,179,45000.0
513,237,212,2500.0
514,237,409,10000.0
515,237,509,10000.0
516,237,673,2500.0
517,237,804,10000.0
518,237,810,5000.0
519,237,1242,10000.0
520,241,15,5000.0
521,241,17,10000.0
522,241,46,2500.0
523,241,49,2500.0
524,241,80,7500.0
525,241,179,22500.0
526,241,212,7500.0
527,241,264,2500.0
528,244,17,5000.0
529,244,23,2500.0
530,244,77,2500.0
531,244,80,2500.0
532,244,92,2500.0
533,244,179,5000.0
534,246,17,5000.0
535,246,46,2500.0
536,246,80,2500.0
537,246,264,5000.0
538,250,15,2500.0
539,250,17,7500.0
540,250,49,2500.0
541,250,121,2500.0
542,250,179,27500.0
543,250,212,2500.0
544,250,274,2500.0
545,251,17,2500.0
546,251,43,2500.0
547,251,492,2500.0
548,251,1009,2500.0
549,251,1247,2500.0
550,255,15,2500.0
551,255,17,2500.0
552,255,23,5000.0
553,255,92,2500.0
554,255,179,2500.0
555,256,80,2500.0
556,257,17,2500.0
557,257,23,2500.0
558,257,274,2500.0
559,261,17,2500.0
560,261,43,2500.0
561,263,17,5000.0
562,263,80,5000.0
563,268,89,2500.0
564,268,124,2500.0
565,271,15,2500.0
566,271,17,2500.0
567,271,46,2500.0
568,271,491,2500.0
569,278,17,7500.0
570,282,15,2500.0
571,282,17,10000.0
572,282,46,2500.0
573,282,80,11500.0
574,282,179,10000.0
575,282,212,2500.0
576,282,264,5000.0
577,286,17,2500.0
578,286,49,2500.0
579,286,80,2500.0
580,288,15,5000.0
581,288,17,7500.0
582,288,43,2500.0
583,288,80,7500.0
584,288,111,5000.0
585,288,264,5000.0
586,288,329,2500.0
587,291,15,2500.0
588,291,80,2500.0
589,291,179,5000.0
590,291,212,2500.0
591,291,274,2500.0
592,291,329,2500.0
593,292,17,5000.0
594,292,49,2500.0
595,293,49,2500.0
596,293,80,2500.0
597,293,124,2500.0
598,295,17,2500.0
599,296,17,2500.0
600,298,15,7500.0
601,298,17,5000.0
602,298,43,20000.0
603,298,80,5000.0
604,298,124,2500.0
605,298,179,10000.0
606,298,212,2500.0
607,298,312,2500.0
608,298,314,7500.0
609,298,410,2000.0
610,298,451,2500.0
611,298,472,2500.0
612,298,492,2500.0
613,299,15,2500.0
614,299,17,10000.0
615,299,49,2500.0
616,299,51,2500.0
617,299,80,2500.0
618,299,179,10000.0
619,299,212,5000.0
620,300,43,2500.0
621,302,17,2500.0
622,302,23,2500.0
623,302,46,2500.0
624,302,49,2500.0
625,302,80,2500.0
626,303,23,2500.0
627,304,47,2500.0
628,304,80,5000.0
629,304,89,2500.0
630,304,124,2500.0
631,304,212,7500.0
632,305,17,2500.0
633,305,80,2500.0
634,307,17,5000.0
635,307,49,5000.0
636,307,77,2500.0
637,307,80,2500.0
638,308,15,2500.0
639,308,17,2500.0
640,308,43,5000.0
641,308,80,2500.0
642,308,92,2500.0
643,309,17,5000.0
644,309,77,2500.0
645,309,80,2500.0
646,309,85,2500.0
647,310,17,5000.0
648,310,43,5000.0
649,310,49,2500.0
650,310,176,2500.0
651,317,46,2500.0
652,317,80,7500.0
653,318,49,2500.0
654,318,80,2500.0
655,318,111,2500.0
656,320,17,2500.0
657,320,80,2500.0
658,320,111,2500.0
659,320,264,5000.0
660,321,15,7500.0
661,321,17,2500.0
662,322,46,2500.0
663,323,17,2500.0
664,323,212,2500.0
665,325,17,2500.0
666,325,80,2500.0
667,325,92,2500.0
668,325,176,2500.0
669,325,179,5000.0
670,326,15,5000.0
671,326,17,2500.0
672,326,23,2500.0
673,326,43,5000.0
674,326,46,7500.0
675,326,80,12500.0
676,326,121,2500.0
677,326,179,10000.0
678,326,212,10000.0
679,326,264,10000.0
680,326,329,2500.0
681,326,1009,2500.0
682,326,1602,5000.0
683,328,121,2500.0
684,330,17,2500.0
685,330,80,5000.0
686,330,89,2500.0
687,331,17,2500.0
688,332,15,2500.0
689,332,17,2500.0
690,333,17,2500.0
691,335,17,2500.0
692,336,15,20000.0
693,336,17,65000.0
694,336,43,42500.0
695,336,46,15000.0
696,336,49,2500.0
697,336,77,2500.0
698,336,78,2500.0
699,336,80,12500.0
700,336,212,32500.0
701,336,264,27500.0
702,336,312,7500.0
703,336,314,2500.0
704,336,409,20000.0
705,336,424,5000.0
706,336,439,25000.0
707,336,451,2500.0
708,336,485,17500.0
709,336,492,2500.0
710,336,501,5000.0
711,336,509,25000.0
712,336,557,30000.0
713,336,586,5000.0
714,336,673,2500.0
715,336,810,30000.0
716,336,1247,2500.0
717,336,3047,15000.0
718,337,17,2500.0
719,337,47,2500.0
720,337,80,2500.0
721,337,89,2500.0
722,339,15,5000.0
723,339,17,7500.0
724,339,43,5000.0
725,339,80,7500.0
726,339,111,5000.0
727,339,212,2500.0
728,341,17,2500.0
729,343,17,2500.0
730,343,111,5000.0
731,343,212,2500.0
732,344,15,2500.0
733,344,17,15000.0
734,344,51,2500.0
735,344,80,2500.0
736,344,121,5000.0
737,344,179,30000.0
738,344,212,2500.0
739,344,329,2500.0
740,344,409,5000.0
741,350,121,2500.0
742,351,15,2500.0
743,351,17,7500.0
744,351,46,2500.0
745,351,49,2500.0
746,351,77,2500.0
747,351,80,10000.0
748,351,212,2500.0
749,351,264,2500.0
750,351,329,2500.0
751,351,409,5000.0
752,351,410,15000.0
753,351,472,2500.0
754,351,557,5000.0
755,355,15,2500.0
756,355,17,10000.0
757,355,46,2500.0
758,355,51,2500.0
759,355,80,2500.0
760,355,89,2500.0
761,355,212,12500.0
762,358,17,2500.0
763,358,80,2500.0
764,358,179,5000.0
765,362,17,2500.0
766,362,179,10000.0
767,362,312,15000.0
768,362,329,2500.0
769,362,400,2500.0
770,362,472,7500.0
771,362,501,5000.0
772,362,587,2500.0
773,363,15,2500.0
774,363,17,7500.0
775,363,46,7500.0
776,363,49,2500.0
777,363,80,2500.0
778,363,212,2500.0
779,366,312,2500.0
780,366,410,2500.0
781,368,17,2500.0
782,368,80,2500.0
783,369,17,2500.0
784,369,43,2500.0
785,369,80,2500.0
786,370,17,5000.0
787,370,23,2500.0
788,370,49,2500.0
789,370,69,2500.0
790,370,92,2500.0
791,371,17,2500.0
792,376,15,7500.0
793,376,17,5000.0
794,376,49,2500.0
795,376,114,2500.0
796,376,179,2500.0
797,376,264,2500.0
798,377,15,7500.0
799,377,17,15000.0
800,377,179,10000.0
801,377,212,7500.0
802,377,264,5000.0
803,377,1602,5000.0
804,377,2675,15000.0
805,381,312,2500.0
806,383,15,2500.0
807,383,80,2500.0
808,383,179,12500.0
809,383,212,2500.0
810,385,17,25000.0
811,385,46,5000.0
812,385,49,2500.0
813,385,77,5000.0
814,385,80,15000.0
815,385,121,2500.0
816,385,179,5000.0
817,385,212,5000.0
818,393,15,10000.0
819,393,17,7500.0
820,393,43,5000.0
821,393,111,7500.0
822,393,179,30000.0
823,393,212,12500.0
824,393,451,7500.0
825,393,485,12500.0
826,393,492,5000.0
827,393,501,5000.0
828,393,509,5000.0
829,393,557,20000.0
830,393,810,20000.0
831,395,80,2500.0
832,395,212,2500.0
833,398,17,2500.0
834,404,312,2500.0
835,404,314,5000.0
836,404,410,2500.0
837,404,501,5000.0
838,404,586,2500.0
839,404,587,5000.0
840,408,46,5000.0
841,408,314,5000.0
842,408,324,5000.0
843,408,410,5000.0
844,408,472,5000.0
845,408,587,2500.0
846,408,1602,5000.0
847,408,2278,2500.0
848,413,17,2500.0
849,413,80,7500.0
850,413,111,2500.0
851,413,264,2500.0
852,413,312,5000.0
853,413,314,2500.0
854,413,439,5000.0
855,413,472,2500.0
856,418,43,2500.0
857,419,78,2500.0
858,419,212,2500.0
859,420,15,5000.0
860,420,17,5000.0
861,420,49,5000.0
862,420,80,2500.0
863,420,179,5000.0
864,420,212,5000.0
865,420,492,2500.0
866,425,15,2500.0
867,425,17,2500.0
868,425,179,5000.0
869,425,212,5000.0
870,425,409,5000.0
871,425,810,5000.0
872,427,380,2500.0
873,429,92,2500.0
874,431,80,2500.0
875,435,17,5000.0
876,436,179,5000.0
877,436,312,5000.0
878,442,17,12500.0
879,442,77,2500.0
880,442,80,5000.0
881,442,212,2500.0
882,444,15,5000.0
883,444,17,15000.0
884,444,43,15000.0
885,444,49,2500.0
886,444,80,7500.0
887,444,111,12500.0
888,444,179,10000.0
889,444,212,5000.0
890,444,264,2500.0
891,446,15,2500.0
892,446,17,2500.0
893,446,43,2500.0
894,446,46,5000.0
895,446,388,2500.0
896,446,409,10000.0
897,446,509,2500.0
898,446,557,5000.0
899,446,673,2500.0
900,447,17,5000.0
901,455,410,2500.0
902,455,472,2500.0
903,459,410,2500.0
904,460,17,5000.0
905,460,46,2500.0
906,460,80,2500.0
907,463,15,15000.0
908,463,17,7500.0
909,463,43,15000.0
910,463,46,2500.0
911,463,80,2500.0
912,463,212,12500.0
913,467,312,10000.0
914,467,314,2500.0
915,467,324,10750.0
916,467,380,5000.0
917,467,388,2500.0
918,467,400,2500.0
919,467,410,12500.0
920,467,472,5000.0
921,467,484,2500.0
922,467,501,10000.0
923,467,587,14000.0
924,467,1093,9000.0
925,467,1917,5000.0
926,467,2278,2500.0
927,467,2401,5000.0
928,469,15,2500.0
929,469,17,5000.0
930,469,212,2500.0
931,470,43,5000.0
932,470,111,2500.0
933,470,1009,2500.0
934,473,17,2500.0
935,473,43,3000.0
936,474,312,15000.0
937,474,314,10000.0
938,474,324,15000.0
939,474,410,47500.0
940,474,472,2500.0
941,474,501,15000.0
942,474,586,5000.0
943,474,587,15000.0
944,474,1093,12500.0
945,480,17,2500.0
946,480,810,5000.0
947,481,17,5000.0
948,481,46,2500.0
949,481,80,2500.0
950,481,212,7500.0
951,482,17,2500.0
952,482,92,2500.0
953,482,176,2500.0
954,488,15,15000.0
955,488,17,30000.0
956,488,43,27500.0
957,488,46,17500.0
958,488,77,2500.0
959,488,78,7500.0
960,488,80,10000.0
961,488,160,20000.0
962,488,179,65000.0
963,488,212,15000.0
964,488,264,10000.0
965,488,324,2500.0
966,488,409,10000.0
967,488,410,7500.0
968,488,421,5000.0
969,488,439,5000.0
970,488,472,2500.0
971,488,501,5000.0
972,488,509,60000.0
973,488,673,25000.0
974,488,804,10000.0
975,488,1009,5000.0
976,488,1093,2500.0
977,488,1242,5000.0
978,488,1602,5000.0
979,488,2117,10000.0
980,488,2546,10000.0
981,488,2568,5000.0
982,488,3047,5000.0
983,500,17,2500.0
984,500,46,2500.0
985,503,15,2500.0
986,503,17,2500.0
987,508,15,2500.0
988,508,43,7500.0
989,508,69,2500.0
990,508,212,2500.0
991,508,264,5000.0
992,511,410,2500.0
993,513,92,2500.0
994,513,111,2500.0
995,514,15,2500.0
996,514,17,5000.0
997,514,46,5000.0
998,517,410,2500.0
999,520,497,10000.0
1000,520,1242,250.0
1001,520,3135,5000.0
1002,521,17,2500.0
1003,521,80,2500.0
1004,522,15,7500.0
1005,522,43,2500.0
1006,522,78,2500.0
1007,522,492,7500.0
1008,532,409,10000.0
1009,532,1242,5000.0
1010,534,497,10000.0
1011,534,545,5000.0
1012,534,653,5000.0
1013,534,673,10000.0
1014,534,810,5000.0
1015,534,1855,5000.0
1016,540,409,5000.0
1017,542,17,5000.0
1018,542,46,2500.0
1019,542,212,5000.0
1020,542,264,2500.0
1021,542,312,17500.0
1022,542,380,12500.0
1023,542,409,45000.0
1024,542,410,40000.0
1025,542,439,5000.0
1026,542,472,2500.0
1027,542,501,25000.0
1028,542,804,10000.0
1029,542,1198,5000.0
1030,542,1242,25000.0
1031,542,1351,10000.0
1032,542,1917,2500.0
1033,542,2546,10000.0
1034,546,17,5000.0
1035,546,43,5000.0
1036,549,314,2500.0
1037,549,409,5000.0
1038,549,421,5000.0
1039,549,424,5000.0
1040,549,439,5000.0
1041,550,409,15000.0
1042,550,509,15000.0
1043,550,557,5000.0
1044,550,804,20000.0
1045,550,1242,5000.0
1046,554,15,5000.0
1047,554,111,5000.0
1048,554,212,2500.0
1049,554,264,2500.0
1050,554,2008,2500.0
1051,555,17,2500.0
1052,555,472,2500.0
1053,561,314,2500.0
1054,561,472,2500.0
1055,562,421,5000.0
1056,562,589,5000.0
1057,563,409,10000.0
1058,563,2546,10000.0
1059,564,492,5000.0
1060,568,17,7500.0
1061,568,46,10000.0
1062,568,80,2500.0
1063,570,49,2500.0
1064,573,43,2500.0
1065,573,312,42500.0
1066,573,314,12500.0
1067,573,324,5000.0
1068,573,380,12500.0
1069,573,409,55000.0
1070,573,410,70000.0
1071,573,439,5000.0
1072,573,451,2500.0
1073,573,472,5000.0
1074,573,501,15000.0
1075,573,557,5000.0
1076,573,586,2500.0
1077,573,587,2500.0
1078,573,673,120000.0
1079,573,804,200000.0
1080,573,810,10000.0
1081,573,1093,5000.0
1082,573,1198,10000.0
1083,573,1242,5000.0
1084,573,1438,10000.0
1085,573,2226,90000.0
1086,573,2262,10000.0
1087,573,2546,20000.0
1088,573,2568,15000.0
1089,575,410,2500.0
1090,575,472,2500.0
1091,576,421,2500.0
1092,576,439,5000.0
1093,576,497,7500.0
1094,576,1242,5000.0
1095,583,312,5000.0
1096,583,472,5000.0
1097,585,586,2500.0
1098,597,15,10000.0
1099,597,17,15000.0
1100,597,43,22500.0
1101,597,46,2500.0
1102,597,49,2500.0
1103,597,80,12500.0
1104,597,111,19500.0
1105,597,115,2500.0
1106,597,179,5000.0
1107,597,212,12500.0
1108,597,485,5000.0
1109,597,492,10000.0
1110,597,587,2500.0
1111,597,653,10000.0
1112,599,439,5000.0
1113,599,673,5000.0
1114,605,421,5000.0
1115,605,509,5000.0
1116,607,409,5000.0
1117,610,15,2500.0
1118,610,43,2500.0
1119,610,46,2500.0
1120,617,17,2500.0
1121,617,80,2500.0
1122,622,17,2500.0
1123,623,472,2500.0
1124,623,673,2500.0
1125,627,804,10000.0
1126,627,1242,5000.0
1127,628,312,5000.0
1128,628,314,5000.0
1129,628,324,5000.0
1130,628,409,10000.0
1131,628,410,27500.0
1132,628,439,5000.0
1133,628,472,5000.0
1134,628,501,10000.0
1135,628,586,7500.0
1136,628,587,5000.0
1137,628,673,12500.0
1138,628,810,5000.0
1139,628,1093,7500.0
1140,628,1198,2500.0
1141,628,1917,15000.0
1142,630,46,2500.0
1143,630,80,2500.0
1144,631,17,2500.0
1145,633,15,2500.0
1146,634,497,5000.0
1147,634,545,5000.0
1148,637,43,2500.0
1149,638,17,2500.0
1150,641,673,15000.0
1151,643,314,7500.0
1152,644,557,5000.0
1153,644,1242,25000.0
1154,647,15,7500.0
1155,647,23,2500.0
1156,647,43,30000.0
1157,647,46,12500.0
1158,647,80,2500.0
1159,647,89,12500.0
1160,647,111,17500.0
1161,647,179,10000.0
1162,647,492,2500.0
1163,647,1009,7500.0
1164,648,312,2500.0
1165,648,314,2500.0
1166,648,410,5000.0
1167,648,472,2500.0
1168,648,586,2500.0
1169,648,587,2500.0
1170,648,1093,2500.0
1171,651,15,2500.0
1172,651,179,7500.0
1173,651,439,5000.0
1174,651,810,5000.0
1175,652,439,5000.0
1176,655,409,15000.0
1177,655,424,15000.0
1178,655,439,5000.0
1179,655,497,25000.0
1180,655,545,35000.0
1181,655,557,35000.0
1182,655,653,45000.0
1183,655,673,37500.0
1184,655,810,37500.0
1185,664,410,2500.0
1186,670,17,2500.0
1187,670,43,12500.0
1188,670,46,2500.0
1189,670,212,2500.0
1190,670,421,5000.0
1191,670,424,5000.0
1192,670,439,7500.0
1193,670,497,5000.0
1194,670,810,2500.0
1195,675,15,2500.0
1196,675,17,2500.0
1197,675,43,5000.0
1198,675,80,2500.0
1199,675,160,2500.0
1200,675,179,130000.0
1201,675,212,2500.0
1202,675,264,20000.0
1203,675,312,10000.0
1204,675,324,7500.0
1205,675,409,10000.0
1206,675,410,7500.0
1207,675,451,2500.0
1208,675,492,5000.0
1209,675,501,35000.0
1210,675,557,15000.0
1211,675,586,7500.0
1212,675,587,5000.0
1213,675,653,5000.0
1214,675,673,30000.0
1215,675,804,10000.0
1216,675,810,12500.0
1217,675,1009,10000.0
1218,675,1198,5000.0
1219,675,1242,30000.0
1220,675,1351,20000.0
1221,675,1474,2500.0
1222,675,1916,5000.0
1223,675,1917,2500.0
1224,675,2278,2500.0
1225,675,2546,10000.0
1226,675,2568,5000.0
1227,677,43,2500.0
1228,677,46,7500.0
1229,677,264,2500.0
1230,677,492,2500.0
1231,681,312,5000.0
1232,681,410,2500.0
1233,681,472,2500.0
1234,681,501,10000.0
1235,681,586,2500.0
1236,681,587,2500.0
1237,683,1242,5000.0
1238,684,15,5000.0
1239,684,17,2500.0
1240,684,46,2500.0
1241,684,47,2500.0
1242,684,80,2500.0
1243,684,89,2500.0
1244,684,111,2500.0
1245,685,380,10000.0
1246,685,501,5000.0
1247,685,587,2500.0
1248,687,545,5000.0
1249,696,409,10000.0
1250,696,497,5000.0
1251,696,673,45000.0
1252,696,804,10000.0
1253,696,1855,5000.0
1254,706,409,5000.0
1255,706,439,5000.0
1256,706,810,2500.0
1257,707,43,2500.0
1258,707,46,2500.0
1259,707,264,2500.0
1260,707,312,2500.0
1261,707,409,5000.0
1262,707,421,5000.0
1263,707,810,2500.0
1264,707,1198,4000.0
1265,707,1242,5000.0
1266,709,15,2500.0
1267,709,17,2500.0
1268,714,111,7500.0
1269,715,17,5000.0
1270,715,43,2500.0
1271,715,46,2500.0
1272,715,212,2500.0
1273,715,491,2500.0
1274,716,312,15000.0
1275,716,324,2500.0
1276,716,380,2500.0
1277,716,409,5000.0
1278,716,410,10000.0
1279,716,501,10000.0
1280,716,586,2500.0
1281,716,587,5000.0
1282,716,1093,7500.0
1283,716,1198,2500.0
1284,716,1917,5000.0
1285,716,2278,2500.0
1286,717,409,15000.0
1287,717,421,5000.0
1288,717,424,5000.0
1289,717,497,5000.0
1290,717,653,15000.0
1291,719,750,2500.0
1292,720,15,2500.0
1293,720,43,2500.0
1294,720,78,2500.0
1295,721,80,2500.0
1296,721,121,5000.0
1297,721,492,2500.0
1298,721,497,5000.0
1299,721,545,5000.0
1300,721,653,5000.0
1301,721,1242,5000.0
1302,723,409,5000.0
1303,723,673,2500.0
1304,725,673,2500.0
1305,725,1855,5000.0
1306,726,17,2500.0
1307,727,77,2500.0
1308,727,111,2500.0
1309,727,1247,5000.0
1310,729,17,2500.0
1311,731,17,2500.0
1312,731,80,2500.0
1313,733,77,2500.0
1314,733,212,2500.0
1315,733,312,7500.0
1316,733,409,17000.0
1317,733,410,17000.0
1318,733,501,10000.0
1319,733,509,5000.0
1320,733,557,5000.0
1321,733,586,2500.0
1322,733,810,15000.0
1323,733,1093,10000.0
1324,734,409,15000.0
1325,734,421,5000.0
1326,734,424,5000.0
1327,734,439,5000.0
1328,734,497,20000.0
1329,734,545,10000.0
1330,734,557,25000.0
1331,734,589,5000.0
1332,734,653,15000.0
1333,734,673,70000.0
1334,734,810,35000.0
1335,734,1242,10000.0
1336,734,1916,10000.0
1337,734,2262,10000.0
1338,734,2546,20000.0
1339,738,501,2500.0
1340,738,587,2500.0
1341,742,497,5000.0
1342,742,810,5000.0
1343,743,439,5000.0
1344,743,497,10000.0
1345,743,545,10000.0
1346,744,409,5000.0
1347,745,15,2500.0
1348,745,17,2500.0
1349,745,49,2500.0
1350,745,77,2500.0
1351,745,80,7500.0
1352,745,111,2500.0
1353,745,264,2500.0
1354,748,810,5000.0
1355,754,312,15000.0
1356,754,314,2500.0
1357,754,324,2500.0
1358,754,409,5000.0
1359,754,410,25000.0
1360,754,472,2500.0
1361,754,501,7500.0
1362,754,587,2500.0
1363,754,1093,2500.0
1364,755,15,7500.0
1365,755,17,2500.0
1366,757,15,5000.0
1367,757,17,8500.0
1368,757,43,3000.0
1369,757,46,7500.0
1370,757,80,2500.0
1371,757,212,2500.0
1372,757,264,3500.0
1373,757,409,5000.0
1374,757,509,8500.0
1375,757,1242,5000.0
1376,757,1916,12500.0
1377,760,750,2500.0
1378,761,15,5000.0
1379,761,17,7500.0
1380,761,43,2500.0
1381,761,46,2500.0
1382,761,80,5000.0
1383,761,179,5000.0
1384,761,212,2500.0
1385,761,264,5000.0
1386,763,485,5000.0
1387,765,673,2500.0
1388,769,653,5000.0
1389,769,673,2500.0
1390,769,810,2500.0
1391,773,497,5000.0
1392,780,409,5000.0
1393,780,804,20000.0
1394,780,810,2500.0
1395,780,1242,5000.0
1396,782,15,2500.0
1397,782,17,2500.0
1398,782,78,2500.0
1399,791,15,2500.0
1400,791,212,2500.0
1401,791,439,5000.0
1402,791,501,10000.0
1403,792,15,2500.0
1404,792,17,2500.0
1405,793,111,2500.0
1406,798,409,5000.0
1407,798,421,5000.0
1408,798,439,5000.0
1409,798,557,5000.0
1410,798,673,12500.0
1411,798,1242,5000.0
1412,798,1855,5000.0
1413,803,1198,2500.0
1414,803,1242,5000.0
1415,805,17,2500.0
1416,805,49,2500.0
1417,813,46,2500.0
1418,817,810,2500.0
1419,822,17,5000.0
1420,822,46,2500.0
1421,822,80,2500.0
1422,822,264,2500.0
1423,822,380,2500.0
1424,822,409,5000.0
1425,822,485,5000.0
1426,822,509,5000.0
1427,829,424,2500.0
1428,831,17,2500.0
1429,832,15,7500.0
1430,832,17,2500.0
1431,832,43,2500.0
1432,832,78,2500.0
1433,832,121,2500.0
1434,836,17,2500.0
1435,838,501,5000.0
1436,838,1093,2500.0
1437,838,1917,2500.0
1438,839,15,2500.0
1439,839,17,7500.0
1440,839,43,2500.0
1441,839,46,7500.0
1442,839,264,5000.0
1443,841,409,5000.0
1444,841,421,5000.0
1445,841,509,5000.0
1446,841,673,2500.0
1447,841,3047,5000.0
1448,842,312,2500.0
1449,842,586,2500.0
1450,848,17,2500.0
1451,848,264,2500.0
1452,848,1009,2500.0
1453,851,409,5000.0
1454,851,673,10000.0
1455,851,804,10000.0
1456,852,810,5000.0
1457,855,439,2500.0
1458,855,497,5000.0
1459,855,673,10000.0
1460,855,810,10000.0
1461,857,497,5000.0
1462,857,750,2500.0
1463,857,810,5000.0
1464,858,212,2500.0
1465,858,409,10000.0
1466,858,410,5000.0
1467,858,439,5000.0
1468,858,501,5000.0
1469,858,505,5000.0
1470,858,587,2500.0
1471,858,804,10000.0
1472,858,810,2500.0
1473,858,2618,2500.0
1474,880,312,2500.0
1475,880,324,2500.0
1476,880,410,17500.0
1477,880,587,5000.0
1478,880,1093,5000.0
1479,880,1917,5000.0
1480,880,2278,2500.0
1481,882,409,5000.0
1482,882,421,5000.0
1483,882,424,5000.0
1484,882,439,5000.0
1485,883,409,5000.0
1486,884,15,2500.0
1487,884,17,7500.0
1488,884,49,2500.0
1489,884,80,2500.0
1490,884,179,7500.0
1491,888,497,5000.0
1492,890,421,5000.0
1493,890,439,5000.0
1494,897,15,7500.0
1495,897,17,2500.0
1496,900,409,5000.0
1497,901,15,2500.0
1498,901,17,2500.0
1499,901,43,2500.0
1500,901,46,2500.0
1501,901,80,2500.0
1502,906,409,10000.0
1503,906,439,5000.0
1504,906,509,5000.0
1505,906,804,10000.0
1506,916,673,20000.0
1507,916,810,2500.0
1508,916,1242,15000.0
1509,916,1855,12500.0
1510,920,80,2500.0
1511,921,314,2500.0
1512,921,410,2500.0
1513,921,501,5000.0
1514,921,1093,5000.0
1515,923,17,2500.0
1516,923,492,2500.0
1517,927,43,5000.0
1518,929,586,2500.0
1519,937,492,2500.0
1520,945,15,5000.0
1521,945,17,7500.0
1522,945,43,5000.0
1523,945,46,15000.0
1524,945,212,15000.0
1525,945,264,10000.0
1526,945,1617,2500.0
1527,947,810,7500.0
1528,952,497,5000.0
1529,952,810,5000.0
1530,956,111,10000.0
1531,956,176,2500.0
1532,956,1009,2500.0
1533,961,15,2500.0
1534,961,43,2500.0
1535,961,46,2500.0
1536,968,17,2500.0
1537,968,80,2500.0
1538,968,121,2500.0
1539,968,264,2500.0
1540,970,17,2500.0
1541,970,114,2500.0
1542,971,410,5000.0
1543,971,586,5000.0
1544,979,179,7500.0
1545,979,409,5000.0
1546,979,509,5000.0
1547,979,673,2500.0
1548,982,17,2500.0
1549,982,80,2500.0
1550,982,264,2500.0
1551,984,439,5000.0
1552,984,810,5000.0
1553,988,15,5000.0
1554,988,17,5000.0
1555,988,43,7500.0
1556,988,46,2500.0
1557,988,212,57500.0
1558,988,312,12500.0
1559,988,314,17500.0
1560,988,324,15000.0
1561,988,380,25000.0
1562,988,409,40000.0
1563,988,410,27500.0
1564,988,421,5000.0
1565,988,501,22500.0
1566,988,586,2500.0
1567,988,587,10000.0
1568,988,673,55000.0
1569,988,804,12500.0
1570,988,1198,7500.0
1571,988,1242,30000.0
1572,988,1247,2500.0
1573,988,1351,15000.0
1574,988,1855,10000.0
1575,988,2117,20000.0
1576,988,2278,5000.0
1577,988,2401,5000.0
1578,988,2546,40000.0
1579,988,2568,7500.0
1580,988,2675,5000.0
1581,988,2758,2500.0
1582,988,2940,5000.0
1583,988,3047,10000.0
1584,988,3082,2500.0
1585,988,3150,2500.0
1586,989,324,2500.0
1587,989,380,2500.0
1588,989,410,2500.0
1589,989,586,2500.0
1590,989,1093,5000.0
1591,995,121,2500.0
1592,995,1009,2500.0
1593,996,43,2500.0
1594,1000,492,2500.0
1595,1000,1009,2500.0
1596,1005,15,2500.0
1597,1005,17,2500.0
1598,1005,80,2500.0
1599,1005,264,2500.0
1600,1014,15,5000.0
1601,1014,17,7500.0
1602,1014,43,2500.0
1603,1014,80,2500.0
1604,1014,264,5000.0
1605,1014,1617,2500.0
1606,1015,15,20000.0
1607,1015,17,10000.0
1608,1015,43,10000.0
1609,1015,46,2500.0
1610,1015,80,7500.0
1611,1015,179,5000.0
1612,1015,212,2500.0
1613,1015,264,10000.0
1614,1015,314,5000.0
1615,1015,410,2500.0
1616,1015,439,5000.0
1617,1015,557,5000.0
1618,1015,586,2500.0
1619,1015,587,2500.0
1620,1015,673,25000.0
1621,1015,804,20000.0
1622,1015,1093,2500.0
1623,1015,1198,2500.0
1624,1015,1242,20000.0
1625,1015,1602,10000.0
1626,1015,1855,15000.0
1627,1015,2675,5000.0
1628,1015,2676,5000.0
1629,1015,3047,5000.0
1630,1015,3082,2500.0
1631,1019,17,2500.0
1632,1019,43,2500.0
1633,1019,77,2500.0
1634,1019,78,2500.0
1635,1019,264,5000.0
1636,1019,409,7000.0
1637,1019,492,5000.0
1638,1019,557,5000.0
1639,1019,673,33000.0
1640,1019,810,7500.0
1641,1019,1009,7500.0
1642,1019,1247,2500.0
1643,1019,1602,5000.0
1644,1020,43,2500.0
1645,1020,46,5000.0
1646,1020,179,2500.0
1647,1020,264,2500.0
1648,1020,451,2500.0
1649,1023,409,5000.0
1650,1023,810,5000.0
1651,1024,409,5000.0
1652,1024,673,20000.0
1653,1024,804,10000.0
1654,1024,810,10000.0
1655,1024,1242,5000.0
1656,1024,1351,10000.0
1657,1032,492,2500.0
1658,1034,17,2500.0
1659,1034,80,10000.0
1660,1034,491,2500.0
1661,1034,492,2500.0
1662,1035,1247,2500.0
1663,1036,409,5000.0
1664,1041,410,2500.0
1665,1043,409,10000.0
1666,1043,673,10000.0
1667,1043,1242,5000.0
1668,1047,43,2500.0
1669,1047,80,2500.0
1670,1047,264,5000.0
1671,1047,1247,2500.0
1672,1050,409,5000.0
1673,1050,673,2500.0
1674,1050,810,5000.0
1675,1053,46,2500.0
1676,1053,1009,5000.0
1677,1055,15,2500.0
1678,1055,43,11500.0
1679,1055,46,2500.0
1680,1055,380,2500.0
1681,1055,1617,2500.0
1682,1057,17,5000.0
1683,1057,43,10000.0
1684,1057,46,7500.0
1685,1057,212,7500.0
1686,1057,1247,2500.0
1687,1061,1242,5000.0
1688,1071,472,2500.0
1689,1071,587,2500.0
1690,1072,80,2500.0
1691,1073,80,2500.0
1692,1080,410,4500.0
1693,1080,587,2500.0
1694,1082,409,10000.0
1695,1087,17,2500.0
1696,1087,43,5000.0
1697,1092,587,7500.0
1698,1095,497,5000.0
1699,1095,557,5000.0
1700,1096,324,2500.0
1701,1100,509,5000.0
1702,1102,43,2500.0
1703,1102,80,2500.0
1704,1108,314,2500.0
1705,1108,324,20000.0
1706,1108,410,52500.0
1707,1108,501,20000.0
1708,1108,1093,10000.0
1709,1108,1917,7500.0
1710,1111,43,2500.0
1711,1111,46,5000.0
1712,1111,77,2500.0
1713,1112,43,2500.0
1714,1116,409,5000.0
1715,1117,557,5000.0
1716,1119,1247,2500.0
1717,1121,492,2500.0
1718,1121,1009,2500.0
1719,1121,1247,2500.0
1720,1122,810,5000.0
1721,1123,497,5000.0
1722,1123,810,5000.0
1723,1126,80,2500.0
1724,1127,557,5000.0
1725,1128,77,2500.0
1726,1128,121,2500.0
1727,1129,1009,2500.0
1728,1130,80,5000.0
1729,1130,179,7500.0
1730,1130,314,2500.0
1731,1130,497,5000.0
1732,1130,557,5000.0
1733,1130,810,5000.0
1734,1131,409,12500.0
1735,1131,421,5000.0
1736,1131,557,5000.0
1737,1131,653,5000.0
1738,1135,17,20000.0
1739,1135,46,7500.0
1740,1135,49,2500.0
1741,1135,80,2500.0
1742,1135,111,2500.0
1743,1135,179,10000.0
1744,1135,212,2500.0
1745,1135,264,2500.0
1746,1135,1602,5000.0
1747,1137,17,2500.0
1748,1140,46,2500.0
1749,1142,15,5000.0
1750,1142,17,5000.0
1751,1142,43,5000.0
1752,1142,46,7500.0
1753,1142,80,5000.0
1754,1142,179,5000.0
1755,1142,264,20000.0
1756,1142,1009,2500.0
1757,1146,587,2500.0
1758,1158,409,5000.0
1759,1158,557,10000.0
1760,1158,1242,10000.0
1761,1171,17,2500.0
1762,1172,78,2500.0
1763,1172,212,5000.0
1764,1173,314,2500.0
1765,1173,409,5000.0
1766,1173,509,10000.0
1767,1173,1242,5000.0
1768,1175,46,2500.0
1769,1175,264,2500.0
1770,1177,17,2500.0
1771,1179,810,5000.0
1772,1183,314,2500.0
1773,1183,410,2500.0
1774,1183,1198,2500.0
1775,1187,501,5000.0
1776,1196,409,25000.0
1777,1196,557,5000.0
1778,1196,673,35000.0
1779,1199,557,5000.0
1780,1203,497,5000.0
1781,1207,15,2500.0
1782,1207,17,2500.0
1783,1207,46,2500.0
1784,1207,179,40000.0
1785,1207,264,2500.0
1786,1207,409,20000.0
1787,1207,492,2500.0
1788,1207,1198,2500.0
1789,1207,1242,10000.0
1790,1207,2863,2500.0
1791,1210,17,2500.0
1792,1211,312,5000.0
1793,1211,410,5000.0
1794,1214,17,2500.0
1795,1214,43,28000.0
1796,1214,212,2500.0
1797,1214,1009,2500.0
1798,1215,264,2500.0
1799,1220,312,5000.0
1800,1220,410,2500.0
1801,1220,501,2500.0
1802,1220,587,2500.0
1803,1224,409,75000.0
1804,1224,421,30000.0
1805,1224,557,15000.0
1806,1224,673,45000.0
1807,1224,810,10000.0
1808,1224,1198,2500.0
1809,1224,1242,40000.0
1810,1224,1916,20000.0
1811,1224,2546,10000.0
1812,1224,3047,10000.0
1813,1227,409,5000.0
1814,1227,509,5000.0
1815,1227,1242,5000.0
1816,1230,312,10000.0
1817,1230,501,2500.0
1818,1230,587,5000.0
1819,1230,1093,2500.0
1820,1231,810,5000.0
1821,1239,17,2500.0
1822,1239,43,5000.0
1823,1240,15,2500.0
1824,1240,17,2500.0
1825,1240,80,2500.0
1826,1241,409,5000.0
1827,1241,1242,5000.0
1828,1259,176,2500.0
1829,1259,179,5000.0
1830,1259,492,2500.0
1831,1265,1351,10000.0
1832,1267,15,5000.0
1833,1267,17,10000.0
1834,1267,43,2500.0
1835,1267,80,2500.0
1836,1267,111,5000.0
1837,1267,212,2500.0
1838,1267,264,2500.0
1839,1270,509,5000.0
1840,1270,1242,5000.0
1841,1270,1916,5000.0
1842,1272,557,5000.0
1843,1273,17,2500.0
1844,1273,80,2500.0
1845,1279,557,5000.0
1846,1279,1855,5000.0
1847,1285,314,2500.0
1848,1285,410,7500.0
1849,1285,587,5000.0
1850,1285,1198,2500.0
1851,1285,1917,2500.0
1852,1286,314,2500.0
1853,1286,409,42500.0
1854,1286,410,15000.0
1855,1286,501,5000.0
1856,1286,509,5000.0
1857,1286,810,5000.0
1858,1286,1198,2500.0
1859,1286,1242,5000.0
1860,1296,17,2500.0
1861,1298,409,10000.0
1862,1298,557,15000.0
1863,1298,673,30000.0
1864,1298,804,10000.0
1865,1298,1242,10000.0
1866,1298,1916,5000.0
1867,1298,2226,45000.0
1868,1299,43,2500.0
1869,1299,46,2500.0
1870,1299,264,2500.0
1871,1299,810,5000.0
1872,1299,1916,5000.0
1873,1299,1917,2500.0
1874,1300,15,2500.0
1875,1300,43,10000.0
1876,1300,46,2500.0
1877,1300,212,10000.0
1878,1300,264,2500.0
1879,1303,380,2500.0
1880,1315,17,2500.0
1881,1315,1149,2500.0
1882,1318,15,7500.0
1883,1318,46,5000.0
1884,1318,80,5000.0
1885,1318,212,7500.0
1886,1318,264,2500.0
1887,1318,312,10000.0
1888,1318,380,22500.0
1889,1318,1198,2500.0
1890,1318,1617,2500.0
1891,1332,43,2500.0
1892,1332,264,2500.0
1893,1334,15,10000.0
1894,1334,17,27500.0
1895,1334,43,32500.0
1896,1334,46,10000.0
1897,1334,80,2500.0
1898,1334,264,17500.0
1899,1334,1617,5000.0
1900,1335,491,2500.0
1901,1339,312,5000.0
1902,1339,410,2500.0
1903,1339,587,6000.0
1904,1340,810,5000.0
1905,1341,314,2500.0
1906,1342,410,10000.0
1907,1342,587,3500.0
1908,1344,497,10000.0
1909,1344,810,5000.0
1910,1345,409,13000.0
1911,1345,509,20000.0
1912,1345,557,10000.0
1913,1345,673,15000.0
1914,1345,810,10000.0
1915,1345,1242,5000.0
1916,1345,1855,5000.0
1917,1350,43,2500.0
1918,1352,17,2500.0
1919,1359,15,2500.0
1920,1359,111,5000.0
1921,1359,264,5000.0
1922,1369,160,10000.0
1923,1370,15,15000.0
1924,1370,17,7500.0
1925,1370,43,7500.0
1926,1370,46,10000.0
1927,1370,80,10000.0
1928,1370,314,2500.0
1929,1370,410,2500.0
1930,1370,586,5000.0
1931,1370,1198,2500.0
1932,1370,1242,5000.0
1933,1370,1855,10000.0
1934,1371,410,2500.0
1935,1375,324,2500.0
1936,1375,410,5000.0
1937,1375,1917,2500.0
1938,1375,2401,5000.0
1939,1376,421,5000.0
1940,1376,804,10000.0
1941,1377,264,2500.0
1942,1377,1247,2500.0
1943,1378,46,2500.0
1944,1378,121,5000.0
1945,1382,15,2500.0
1946,1383,410,2500.0
1947,1383,587,3500.0
1948,1383,2278,5000.0
1949,1399,17,2500.0
1950,1399,80,2500.0
1951,1399,264,2500.0
1952,1405,409,5000.0
1953,1405,439,5000.0
1954,1405,804,10000.0
1955,1406,212,2500.0
1956,1406,1247,2500.0
1957,1409,46,2500.0
1958,1409,264,2500.0
1959,1411,15,2500.0
1960,1411,17,7500.0
1961,1411,43,2500.0
1962,1411,46,5000.0
1963,1411,212,2500.0
1964,1411,491,7500.0
1965,1419,380,7500.0
1966,1420,509,5000.0
1967,1423,410,2500.0
1968,1424,15,5000.0
1969,1424,43,2500.0
1970,1425,43,2500.0
1971,1425,46,2500.0
1972,1425,80,2500.0
1973,1425,179,5000.0
1974,1425,2601,2500.0
1975,1434,804,10000.0
1976,1436,810,5000.0
1977,1437,80,5000.0
1978,1442,312,10000.0
1979,1442,501,2500.0
1980,1442,673,10000.0
1981,1442,1198,2500.0
1982,1442,1242,5000.0
1983,1447,557,5000.0
1984,1451,1242,5000.0
1985,1456,43,2500.0
1986,1456,1009,2500.0
1987,1456,1247,5000.0
1988,1457,557,5000.0
1989,1457,673,10000.0
1990,1457,1242,5000.0
1991,1459,212,2500.0
1992,1461,43,2500.0
1993,1461,46,5000.0
1994,1463,46,2500.0
1995,1463,80,2500.0
1996,1470,111,5000.0
1997,1470,264,5000.0
1998,1482,17,2500.0
1999,1482,264,2500.0
2000,1483,17,2500.0
2001,1483,43,5000.0
2002,1483,46,2500.0
2003,1483,179,5000.0
2004,1483,212,2500.0
2005,1483,264,5000.0
2006,1483,1617,2500.0
2007,1484,810,5000.0
2008,1488,264,2500.0
2009,1491,43,2500.0
2010,1492,17,2500.0
2011,1492,43,2500.0
2012,1499,15,12500.0
2013,1499,17,10000.0
2014,1499,46,2500.0
2015,1499,264,2500.0
2016,1499,324,5000.0
2017,1499,410,2500.0
2018,1499,586,2500.0
2019,1499,1198,2500.0
2020,1499,1855,20000.0
2021,1499,3047,5000.0
2022,1507,17,2500.0
2023,1507,212,2500.0
2024,1510,17,2500.0
2025,1510,46,2500.0
2026,1519,324,2500.0
2027,1519,410,2500.0
2028,1519,505,5000.0
2029,1525,409,5000.0
2030,1525,410,2500.0
2031,1525,1198,2500.0
2032,1525,1242,5000.0
2033,1532,46,2500.0
2034,1532,80,2500.0
2035,1539,810,5000.0
2036,1540,15,2500.0
2037,1540,212,2500.0
2038,1541,557,5000.0
2039,1541,810,5000.0
2040,1552,15,5000.0
2041,1552,17,5000.0
2042,1552,43,2500.0
2043,1552,46,2500.0
2044,1552,80,2500.0
2045,1552,111,7500.0
2046,1555,314,2500.0
2047,1555,380,5000.0
2048,1555,410,5000.0
2049,1555,472,2500.0
2050,1555,587,2500.0
2051,1555,1198,2500.0
2052,1557,17,2500.0
2053,1557,80,2500.0
2054,1557,264,2500.0
2055,1557,1009,2500.0
2056,1561,409,5000.0
2057,1566,17,2500.0
2058,1566,43,5000.0
2059,1567,1916,5000.0
2060,1583,324,7500.0
2061,1583,410,2500.0
2062,1583,586,2500.0
2063,1583,1198,5000.0
2064,1583,1917,2500.0
2065,1583,2278,2500.0
2066,1583,2401,5000.0
2067,1584,17,2500.0
2068,1589,264,2500.0
2069,1597,312,2500.0
2070,1597,410,2500.0
2071,1597,1093,2500.0
2072,1598,439,5000.0
2073,1598,509,5000.0
2074,1598,557,5000.0
2075,1598,1242,5000.0
2076,1598,3047,5000.0
2077,1613,43,2500.0
2078,1613,46,2500.0
2079,1618,264,2500.0
2080,1619,77,2500.0
2081,1621,15,5000.0
2082,1621,43,2500.0
2083,1621,46,10000.0
2084,1621,80,5000.0
2085,1621,111,7500.0
2086,1621,179,2500.0
2087,1621,264,5000.0
2088,1621,491,2500.0
2089,1621,492,5000.0
2090,1621,1009,2500.0
2091,1621,1247,2500.0
2092,1622,17,2500.0
2093,1622,43,2500.0
2094,1623,17,2500.0
2095,1623,212,2500.0
2096,1623,312,10000.0
2097,1623,324,2500.0
2098,1623,410,10000.0
2099,1623,501,5000.0
2100,1623,557,10000.0
2101,1623,673,15000.0
2102,1623,1009,5000.0
2103,1623,1247,2500.0
2104,1623,2008,2500.0
2105,1623,2278,2500.0
2106,1625,409,35000.0
2107,1625,673,45000.0
2108,1625,804,50000.0
2109,1625,1242,10000.0
2110,1625,1351,10000.0
2111,1625,1916,10000.0
2112,1625,2226,45000.0
2113,1625,3047,15000.0
2114,1626,1617,2500.0
2115,1627,17,2500.0
2116,1646,43,5000.0
2117,1646,212,2500.0
2118,1648,15,2500.0
2119,1648,46,2500.0
2120,1649,17,2500.0
2121,1649,43,2500.0
2122,1652,17,2500.0
2123,1652,43,5000.0
2124,1657,410,5000.0
2125,1657,501,10000.0
2126,1657,1093,2500.0
2127,1657,1198,2500.0
2128,1657,1242,10000.0
2129,1667,15,5000.0
2130,1667,17,2500.0
2131,1667,46,2500.0
2132,1667,179,5000.0
2133,1667,264,2500.0
2134,1667,451,2500.0
2135,1667,1009,2500.0
2136,1667,1247,2500.0
2137,1667,1602,5000.0
2138,1667,1617,2500.0
2139,1674,212,2500.0
2140,1674,1617,2500.0
2141,1677,314,2500.0
2142,1690,312,5000.0
2143,1692,410,2500.0
2144,1695,46,2500.0
2145,1698,17,5000.0
2146,1698,43,2500.0
2147,1698,212,8000.0
2148,1700,43,2500.0
2149,1700,80,2500.0
2150,1702,380,2500.0
2151,1709,17,2500.0
2152,1712,409,5000.0
2153,1712,439,5000.0
2154,1712,804,10000.0
2155,1713,264,2500.0
2156,1717,17,2500.0
2157,1737,810,5000.0
2158,1738,17,2500.0
2159,1741,673,10000.0
2160,1753,810,2500.0
2161,1754,312,5000.0
2162,1754,410,2500.0
2163,1754,501,2500.0
2164,1754,586,2500.0
2165,1754,1093,2500.0
2166,1754,1198,2500.0
2167,1757,212,2500.0
2168,1758,15,2500.0
2169,1758,43,5000.0
2170,1758,46,2500.0
2171,1758,80,2500.0
2172,1758,212,2500.0
2173,1758,264,2500.0
2174,1759,1009,2500.0
2175,1760,312,5000.0
2176,1760,410,2500.0
2177,1760,501,2500.0
2178,1760,673,5000.0
2179,1766,46,2500.0
2180,1767,43,2500.0
2181,1767,1247,2500.0
2182,1770,15,2500.0
2183,1772,17,2500.0
2184,1772,43,2500.0
2185,1772,264,2500.0
2186,1772,1916,5000.0
2187,1778,1855,5000.0
2188,1786,264,2500.0
2189,1795,557,5000.0
2190,1800,314,2500.0
2191,1800,324,2500.0
2192,1800,410,5000.0
2193,1807,409,5000.0
2194,1807,557,10000.0
2195,1807,673,10000.0
2196,1807,810,5000.0
2197,1814,810,2500.0
2198,1818,409,20000.0
2199,1818,557,5000.0
2200,1818,673,20000.0
2201,1818,804,10000.0
2202,1818,810,5000.0
2203,1818,1351,10000.0
2204,1830,1916,10000.0
2205,1833,17,2500.0
2206,1833,1009,2500.0
2207,1842,557,13000.0
2208,1842,1242,6000.0
2209,1848,324,2500.0
2210,1848,810,5000.0
2211,1848,1917,2500.0
2212,1850,15,2500.0
2213,1850,264,5000.0
2214,1850,312,5000.0
2215,1850,314,5000.0
2216,1850,324,5000.0
2217,1850,409,20000.0
2218,1850,410,2500.0
2219,1850,492,2500.0
2220,1850,501,20000.0
2221,1850,509,5000.0
2222,1850,557,5000.0
2223,1850,586,2500.0
2224,1850,673,15000.0
2225,1850,1093,2500.0
2226,1850,1198,5000.0
2227,1850,1242,10000.0
2228,1850,1855,5000.0
2229,1850,1916,5000.0
2230,1850,1917,2500.0
2231,1850,2278,7500.0
2232,1850,2546,20000.0
2233,1850,2568,5000.0
2234,1850,2596,15000.0
2235,1854,409,5000.0
2236,1854,557,5000.0
2237,1854,1242,5000.0
2238,1857,17,2500.0
2239,1857,43,7500.0
2240,1857,111,2500.0
2241,1857,212,17500.0
2242,1857,264,2500.0
2243,1857,451,2500.0
2244,1862,409,5000.0
2245,1862,497,5000.0
2246,1862,557,5000.0
2247,1862,673,10000.0
2248,1862,1198,2500.0
2249,1862,1242,5000.0
2250,1862,1916,5000.0
2251,1865,1617,2500.0
2252,1867,1242,5000.0
2253,1868,17,2500.0
2254,1871,409,5000.0
2255,1871,1242,10000.0
2256,1871,1351,10000.0
2257,1874,111,2500.0
2258,1874,264,2500.0
2259,1874,1009,2500.0
2260,1879,409,5000.0
2261,1879,439,5000.0
2262,1879,509,5000.0
2263,1879,557,5000.0
2264,1879,673,20000.0
2265,1879,804,10000.0
2266,1879,1242,25000.0
2267,1882,15,2500.0
2268,1882,46,2500.0
2269,1882,264,2500.0
2270,1882,312,5000.0
2271,1882,380,5000.0
2272,1882,409,10000.0
2273,1882,410,2500.0
2274,1882,587,2500.0
2275,1882,804,10000.0
2276,1882,1198,5000.0
2277,1882,1242,15000.0
2278,1882,1351,10000.0
2279,1882,2546,30000.0
2280,1884,557,5000.0
2281,1905,509,5000.0
2282,1915,17,2500.0
2283,1919,1093,2500.0
2284,1919,2278,2500.0
2285,1927,587,2500.0
2286,1927,2401,5000.0
2287,1935,80,5000.0
2288,1936,89,2500.0
2289,1936,111,2500.0
2290,1936,1247,2500.0
2291,1937,312,2000.0
2292,1937,324,4500.0
2293,1937,410,2000.0
2294,1937,586,2000.0
2295,1937,2278,2500.0
2296,1939,557,5000.0
2297,1945,17,2500.0
2298,1945,673,40000.0
2299,1945,804,16100.0
2300,1945,810,5000.0
2301,1946,497,5000.0
2302,1960,1009,2500.0
2303,1960,1602,5000.0
2304,1961,673,10000.0
2305,1961,1855,10000.0
2306,1961,2596,5000.0
2307,1962,810,5000.0
2308,1962,1855,10000.0
2309,1965,314,0.0
2310,1965,324,7500.0
2311,1965,410,7500.0
2312,1965,501,5000.0
2313,1965,1198,2500.0
2314,1965,1917,2500.0
2315,1966,409,5000.0
2316,1966,509,5000.0
2317,1966,589,5000.0
2318,1966,673,10000.0
2319,1966,1242,10000.0
2320,1966,2226,5000.0
2321,1966,2262,10000.0
2322,1966,2546,10000.0
2323,1982,314,2500.0
2324,1982,587,2500.0
2325,1982,1198,2500.0
2326,1983,17,2500.0
2327,1983,46,2500.0
2328,1983,49,2500.0
2329,1983,111,2500.0
2330,1984,17,2500.0
2331,1985,312,2500.0
2332,1991,15,2500.0
2333,1991,43,2500.0
2334,1991,46,2500.0
2335,1991,80,5000.0
2336,1991,160,5000.0
2337,1991,451,5000.0
2338,1991,492,5000.0
2339,1993,1247,2500.0
2340,1994,46,2500.0
2341,1996,409,5000.0
2342,1996,804,10000.0
2343,2000,15,2500.0
2344,2004,264,2500.0
2345,2019,587,2500.0
2346,2020,17,2500.0
2347,2020,80,2500.0
2348,2020,264,2500.0
2349,2021,46,2500.0
2350,2021,111,5000.0
2351,2021,492,2500.0
2352,2022,17,2500.0
2353,2022,80,2500.0
2354,2024,17,2500.0
2355,2024,43,5000.0
2356,2024,46,2500.0
2357,2024,264,2500.0
2358,2024,1247,2500.0
2359,2031,810,5000.0
2360,2034,509,5000.0
2361,2034,1242,5000.0
2362,2036,264,2500.0
2363,2036,472,2500.0
2364,2036,505,2500.0
2365,2036,1917,2500.0
2366,2036,2278,2500.0
2367,2038,15,2500.0
2368,2041,324,2500.0
2369,2042,409,5000.0
2370,2042,509,5000.0
2371,2042,557,5000.0
2372,2042,1916,5000.0
2373,2051,491,2500.0
2374,2055,409,10000.0
2375,2055,673,15000.0
2376,2055,804,50000.0
2377,2055,1242,5000.0
2378,2064,46,2500.0
2379,2064,264,7500.0
2380,2071,409,20000.0
2381,2071,439,10000.0
2382,2071,673,45000.0
2383,2071,804,20000.0
2384,2071,1855,10000.0
2385,2071,1916,10000.0
2386,2071,2226,45000.0
2387,2072,409,5000.0
2388,2072,439,5000.0
2389,2072,497,5000.0
2390,2072,557,5000.0
2391,2072,673,10000.0
2392,2072,804,10000.0
2393,2072,1916,10000.0
2394,2072,2117,10000.0
2395,2072,2226,45000.0
2396,2080,410,5000.0
2397,2080,472,2500.0
2398,2080,804,10000.0
2399,2080,1198,2500.0
2400,2080,1242,5000.0
2401,2080,1855,5000.0
2402,2080,1917,2500.0
2403,2089,1242,5000.0
2404,2105,2278,6000.0
2405,2108,15,2500.0
2406,2108,1855,5000.0
2407,2115,1242,10000.0
2408,2118,2242,2500.0
2409,2121,264,2500.0
2410,2121,1009,5000.0
2411,2121,1247,2500.0
2412,2123,1198,2500.0
2413,2128,1242,5000.0
2414,2136,491,2500.0
2415,2147,673,5000.0
2416,2152,409,5000.0
2417,2153,314,2500.0
2418,2153,1198,2500.0
2419,2153,3047,5000.0
2420,2161,15,2500.0
2421,2161,46,2500.0
2422,2161,264,2500.0
2423,2161,497,5000.0
2424,2161,1198,2500.0
2425,2161,1242,5000.0
2426,2161,1617,2500.0
2427,2172,111,2500.0
2428,2172,264,2500.0
2429,2172,1247,2500.0
2430,2182,15,2500.0
2431,2182,586,2500.0
2432,2182,1855,50000.0
2433,2184,673,2500.0
2434,2184,1242,10000.0
2435,2185,497,5000.0
2436,2185,557,5000.0
2437,2185,1855,5000.0
2438,2187,1242,5000.0
2439,2188,15,2500.0
2440,2188,43,2500.0
2441,2188,46,2500.0
2442,2188,115,2500.0
2443,2188,212,2500.0
2444,2188,264,5000.0
2445,2188,2758,2500.0
2446,2196,80,2500.0
2447,2196,212,5000.0
2448,2199,1009,2500.0
2449,2201,380,2500.0
2450,2206,409,5000.0
2451,2207,439,5000.0
2452,2207,1242,5000.0
2453,2208,653,5000.0
2454,2211,15,7500.0
2455,2211,17,10000.0
2456,2211,43,7500.0
2457,2211,46,7500.0
2458,2211,80,2500.0
2459,2211,179,5000.0
2460,2211,264,12500.0
2461,2211,492,5000.0
2462,2211,2863,5000.0
2463,2217,409,5000.0
2464,2217,804,10000.0
2465,2220,314,2500.0
2466,2220,1198,2500.0
2467,2220,2278,2500.0
2468,2227,410,2500.0
2469,2227,1198,2500.0
2470,2227,1242,5000.0
2471,2233,15,2500.0
2472,2233,17,2500.0
2473,2233,46,2500.0
2474,2233,80,2500.0
2475,2249,324,5000.0
2476,2249,410,12500.0
2477,2249,1093,5000.0
2478,2255,80,4000.0
2479,2255,264,2500.0
2480,2255,492,2500.0
2481,2255,1247,2500.0
2482,2259,804,10000.0
2483,2259,1242,10000.0
2484,2259,1855,5000.0
2485,2275,264,2500.0
2486,2279,557,5000.0
2487,2279,810,5000.0
2488,2280,1242,5000.0
2489,2293,409,5000.0
2490,2293,1916,5000.0
2491,2300,673,5000.0
2492,2304,15,2500.0
2493,2304,43,2500.0
2494,2310,43,2500.0
2495,2310,111,2500.0
2496,2310,409,5000.0
2497,2310,492,2500.0
2498,2312,380,2500.0
2499,2312,410,10000.0
2500,2312,1198,3500.0
2501,2312,2278,2500.0
2502,2315,557,5000.0
2503,2315,673,5000.0
2504,2315,1916,5000.0
2505,2324,653,5000.0
2506,2324,673,5000.0
2507,2327,17,2500.0
2508,2327,43,7500.0
2509,2327,46,5000.0
2510,2327,111,2500.0
2511,2327,264,2500.0
2512,2327,380,5000.0
2513,2327,2863,2500.0
2514,2328,15,2500.0
2515,2328,46,2500.0
2516,2328,1009,2500.0
2517,2344,324,2500.0
2518,2344,410,2500.0
2519,2347,409,5000.0
2520,2347,804,10000.0
2521,2347,1242,30000.0
2522,2351,587,2500.0
2523,2352,312,2500.0
2524,2352,501,5000.0
2525,2352,1198,2500.0
2526,2354,439,5000.0
2527,2354,673,40000.0
2528,2354,804,10000.0
2529,2354,1242,10000.0
2530,2356,312,5000.0
2531,2356,410,8000.0
2532,2361,409,5000.0
2533,2361,410,10000.0
2534,2361,587,2500.0
2535,2364,810,7000.0
2536,2364,1916,5000.0
2537,2366,409,5000.0
2538,2366,673,5000.0
2539,2366,1242,10000.0
2540,2370,111,2500.0
2541,2370,212,2500.0
2542,2371,264,2500.0
2543,2372,673,10000.0
2544,2374,1916,5000.0
2545,2376,312,5000.0
2546,2376,324,5000.0
2547,2376,586,2500.0
2548,2376,587,2500.0
2549,2376,2401,5000.0
2550,2377,410,2500.0
2551,2382,1617,2500.0
2552,2386,673,10000.0
2553,2386,804,20000.0
2554,2396,80,2500.0
2555,2398,324,2500.0
2556,2398,410,5000.0
2557,2398,1917,2500.0
2558,2398,2618,2500.0
2559,2402,324,7500.0
2560,2402,1917,5000.0
2561,2402,2278,5000.0
2562,2403,312,2500.0
2563,2403,314,2500.0
2564,2403,1917,2500.0
2565,2404,673,5000.0
2566,2404,1242,5000.0
2567,2406,15,7500.0
2568,2406,17,2500.0
2569,2406,46,5000.0
2570,2406,264,5000.0
2571,2406,410,2500.0
2572,2406,451,5000.0
2573,2406,509,5000.0
2574,2406,557,5000.0
2575,2406,586,10000.0
2576,2406,673,10000.0
2577,2406,1198,2500.0
2578,2406,1242,5000.0
2579,2406,1602,8000.0
2580,2406,1855,15000.0
2581,2406,1916,5000.0
2582,2406,2618,2500.0
2583,2406,2676,5000.0
2584,2406,3047,10000.0
2585,2413,409,7500.0
2586,2413,497,5000.0
2587,2413,557,5000.0
2588,2413,673,5000.0
2589,2413,2546,10000.0
2590,2416,43,2500.0
2591,2424,505,2500.0
2592,2424,673,5000.0
2593,2427,46,2500.0
2594,2427,111,2500.0
2595,2433,410,2500.0
2596,2435,1917,2500.0
2597,2446,2117,10000.0
2598,2451,587,2500.0
2599,2451,1198,2500.0
2600,2453,409,5000.0
2601,2462,409,5000.0
2602,2462,557,5000.0
2603,2467,2278,2500.0
2604,2484,15,5000.0
2605,2484,17,5000.0
2606,2484,43,2500.0
2607,2484,46,2500.0
2608,2484,212,2500.0
2609,2484,264,5000.0
2610,2484,492,2500.0
2611,2484,1009,2500.0
2612,2485,1198,2500.0
2613,2494,409,15000.0
2614,2494,673,10000.0
2615,2494,804,10000.0
2616,2494,2546,10000.0
2617,2498,1009,2500.0
2618,2499,1198,2500.0
2619,2500,410,5000.0
2620,2508,17,5000.0
2621,2508,43,2500.0
2622,2508,80,5000.0
2623,2508,212,2500.0
2624,2512,410,2500.0
2625,2512,586,2500.0
2626,2512,1198,2500.0
2627,2512,1242,5000.0
2628,2512,1855,5000.0
2629,2512,3047,5000.0
2630,2513,421,5000.0
2631,2513,497,15000.0
2632,2513,653,5000.0
2633,2513,810,5000.0
2634,2513,3047,5000.0
2635,2521,497,5000.0
2636,2526,46,2500.0
2637,2526,264,5000.0
2638,2534,15,2500.0
2639,2534,17,2500.0
2640,2534,212,2500.0
2641,2540,472,2500.0
2642,2541,410,2500.0
2643,2547,314,5000.0
2644,2547,501,5000.0
2645,2550,314,2500.0
2646,2550,324,2500.0
2647,2550,410,2500.0
2648,2550,1093,2500.0
2649,2567,312,5000.0
2650,2567,673,10000.0
2651,2567,1198,2500.0
2652,2567,1242,5000.0
2653,2567,1916,5000.0
2654,2573,324,5000.0
2655,2573,587,2500.0
2656,2575,324,2500.0
2657,2576,409,8000.0
2658,2584,314,5000.0
2659,2584,324,5000.0
2660,2584,2278,2500.0
2661,2585,587,2500.0
2662,2585,1198,2500.0
2663,2594,324,2500.0
2664,2594,410,15000.0
2665,2594,586,2500.0
2666,2594,2278,2500.0
2667,2598,409,5000.0
2668,2598,673,20000.0
2669,2598,1242,5000.0
2670,2598,2546,10000.0
2671,2600,17,20000.0
2672,2603,324,5000.0
2673,2617,212,2500.0
2674,2621,314,2500.0
2675,2630,2618,2500.0
2676,2632,324,2500.0
2677,2642,410,5000.0
2678,2642,587,2500.0
2679,2647,1242,10000.0
2680,2649,409,5000.0
2681,2649,804,10000.0
2682,2651,557,5000.0
2683,2651,673,5000.0
2684,2651,3047,5000.0
2685,2651,3071,5000.0
2686,2653,673,25000.0
2687,2656,1242,5000.0
2688,2656,1351,5000.0
2689,2666,1917,2500.0
2690,2669,314,2500.0
2691,2669,324,2500.0
2692,2669,410,7500.0
2693,2669,501,5000.0
2694,2669,587,2500.0
2695,2672,1602,5000.0
2696,2682,410,2500.0
2697,2682,673,20000.0
2698,2682,1198,2500.0
2699,2682,1242,5000.0
2700,2682,2568,5000.0
2701,2698,497,5000.0
2702,2698,501,5000.0
2703,2698,587,2500.0
2704,2698,1242,8000.0
2705,2698,1855,5000.0
2706,2702,1093,2500.0
2707,2704,1242,5000.0
2708,2706,264,2500.0
2709,2710,587,2500.0
2710,2710,2278,2500.0
2711,2713,324,5000.0
2712,2713,410,5000.0
2713,2714,17,2500.0
2714,2723,409,5000.0
2715,2723,557,10000.0
2716,2723,1242,5000.0
2717,2726,17,2500.0
2718,2726,46,2500.0
2719,2726,212,2500.0
2720,2726,673,5000.0
2721,2726,1242,5000.0
2722,2728,673,5000.0
2723,2728,2117,10000.0
2724,2730,410,15000.0
2725,2738,17,7500.0
2726,2738,43,5000.0
2727,2738,46,6500.0
2728,2738,49,2500.0
2729,2738,80,7500.0
2730,2738,111,2500.0
2731,2738,324,5000.0
2732,2738,410,2500.0
2733,2738,1009,2500.0
2734,2739,324,2500.0
2735,2748,1198,2500.0
2736,2748,1242,5000.0
2737,2765,15,2500.0
2738,2765,46,7500.0
2739,2765,264,7500.0
2740,2765,1617,2500.0
2741,2765,1855,5000.0
2742,2765,2675,5000.0
2743,2766,46,5000.0
2744,2766,673,5000.0
2745,2769,1198,2500.0
2746,2769,1242,5000.0
2747,2773,17,2500.0
2748,2773,264,5000.0
2749,2773,491,2500.0
2750,2778,451,2500.0
2751,2779,324,7500.0
2752,2779,410,2500.0
2753,2779,1093,2500.0
2754,2780,410,2500.0
2755,2783,46,2500.0
2756,2783,1617,2500.0
2757,2786,46,2500.0
2758,2786,264,2500.0
2759,2793,15,5000.0
2760,2793,46,2500.0
2761,2793,80,2500.0
2762,2793,264,2500.0
2763,2797,314,2500.0
2764,2797,324,5000.0
2765,2797,410,3500.0
2766,2797,1917,2500.0
2767,2797,2278,2500.0
2768,2802,15,2500.0
2769,2802,43,2500.0
2770,2802,80,2500.0
2771,2802,451,2500.0
2772,2809,324,7500.0
2773,2809,410,17500.0
2774,2809,497,5000.0
2775,2809,1093,2500.0
2776,2809,1917,2500.0
2777,2809,3047,5000.0
2778,2812,439,5000.0
2779,2812,1242,5000.0
2780,2813,2278,2500.0
2781,2815,1242,5000.0
2782,2815,1855,5000.0
2783,2816,1855,5000.0
2784,2827,673,5000.0
2785,2828,15,2500.0
2786,2828,80,5000.0
2787,2830,43,2500.0
2788,2837,46,2500.0
2789,2840,380,2500.0
2790,2840,410,10000.0
2791,2840,1198,2500.0
2792,2842,314,5000.0
2793,2842,410,5000.0
2794,2842,1198,5000.0
2795,2845,673,5000.0
2796,2858,673,5000.0
2797,2861,409,5000.0
2798,2861,673,10000.0
2799,2861,3135,5000.0
2800,2871,409,7500.0
2801,2871,3135,5000.0
2802,2874,212,2500.0
2803,2874,1009,2500.0
2804,2874,1602,5000.0
2805,2876,1009,2500.0
2806,2881,673,5000.0
2807,2884,673,5000.0
2808,2890,78,2500.0
2809,2890,264,2500.0
2810,2902,409,5000.0
2811,2902,2226,5000.0
2812,2904,380,2500.0
2813,2904,410,5000.0
2814,2910,80,2500.0
2815,2910,264,2500.0
2816,2919,409,5000.0
2817,2919,1242,5000.0
2818,2920,509,5000.0
2819,2927,43,2500.0
2820,2929,80,2500.0
2821,2945,324,5000.0
2822,2945,1093,2500.0
2823,2947,409,5000.0
2824,2947,509,5000.0
2825,2947,804,10000.0
2826,2947,1242,5000.0
2827,2947,2546,10000.0
2828,2947,2596,5000.0
2829,2947,3047,5000.0
2830,2950,673,10000.0
2831,2952,557,5000.0
2832,2952,673,5000.0
2833,2958,421,5000.0
2834,2958,439,5000.0
2835,2958,1916,5000.0
2836,2958,2546,5000.0
2837,2966,15,5000.0
2838,2966,314,2500.0
2839,2966,324,10000.0
2840,2966,409,18000.0
2841,2966,410,32500.0
2842,2966,421,5000.0
2843,2966,501,10000.0
2844,2966,673,30000.0
2845,2966,1093,5000.0
2846,2966,1198,5000.0
2847,2966,1242,10000.0
2848,2966,2546,10000.0
2849,2966,2568,15000.0
2850,2966,2863,2500.0
2851,2966,3047,12000.0
2852,2969,15,2500.0
2853,2969,409,10000.0
2854,2969,410,5000.0
2855,2969,673,10000.0
2856,2969,1093,5000.0
2857,2969,1198,2500.0
2858,2969,1242,5000.0
2859,2969,2568,5000.0
2860,2970,410,2500.0
2861,2972,324,4000.0
2862,2972,410,12500.0
2863,2974,324,2500.0
2864,2974,410,2500.0
2865,2975,1198,2500.0
2866,2975,1242,5000.0
2867,2980,673,10000.0
2868,2989,410,5000.0
2869,2999,15,2500.0
2870,2999,111,2500.0
2871,3008,15,2500.0
2872,3010,673,10000.0
2873,3010,1855,10000.0
2874,3011,1242,5000.0
2875,3020,15,2500.0
2876,3020,46,2500.0
2877,3020,80,2500.0
2878,3030,410,7500.0
2879,3031,673,5000.0
2880,3035,1916,5000.0
2881,3039,17,2500.0
2882,3039,43,7500.0
2883,3039,80,2500.0
2884,3039,1855,5000.0
2885,3039,3047,15000.0
2886,3040,557,5000.0
2887,3041,264,2500.0
2888,3045,409,10000.0
2889,3045,410,13500.0
2890,3048,1242,5000.0
2891,3049,1009,2500.0
2892,3056,1242,5000.0
2893,3057,409,5000.0
2894,3068,1009,2500.0
2895,3073,3047,5000.0
2896,3077,324,2500.0
2897,3080,557,5000.0
2898,3080,673,10000.0
2899,3080,3071,5000.0
2900,3094,673,10000.0
2901,3101,380,2500.0
2902,3117,324,5000.0
2903,3118,421,5000.0
2904,3118,2596,5000.0
2905,3124,497,5000.0
2906,3124,557,2000.0
2907,3124,810,5000.0
2908,3124,3047,5000.0
2909,3125,1242,5000.0
2910,3125,3047,5000.0
2911,3132,324,2500.0
2912,3132,410,2500.0
2913,3136,673,5000.0
2914,3136,804,10000.0
2915,3147,43,2500.0
2916,3153,673,5000.0
2917,3156,409,5000.0
2918,3156,3047,5000.0
2919,3156,3135,5000.0
2920,3157,3047,5000.0
2921,3158,409,5000.0
2922,3172,673,10000.0
2923,3177,1917,2500.0
2924,3180,497,5000.0
2925,3180,653,5000.0
2926,3192,1198,2500.0
2927,3198,264,2500.0
2928,3201,3047,5000.0
2929,3214,2596,5000.0
2930,3218,3047,5000.0
2931,3219,409,5000.0
2932,3219,1009,2500.0
2933,3224,80,2500.0
2934,3233,264,2500.0
2935,3233,1009,2500.0
2936,3241,2596,5000.0
2937,3246,653,5000.0
2938,3251,673,10000.0
2939,3251,1242,5000.0
2940,3305,324,2500.0
2941,3312,409,6000.0
2942,3317,43,2500.0
2943,3317,212,2500.0
